wavelength,Z_L_IRCF,Z_IRCF,Z_H_IRCF,Y_L_IRCF,Y_IRCF,Xl_IRCF,Xl_H_IRCF,685_055_IRCF
300,0.0,0.0,0.0,0.0,0.0,0.0,0.0,0.0
301,0.0,0.0,0.0,0.0,0.0,0.0,0.0,0.0
302,0.0,0.0,0.0,0.0,0.0,0.0,0.0,0.0
303,0.0,0.0,0.0,0.0,0.0,0.0,0.0,0.0
304,0.0,0.0,0.0,0.0,0.0,0.0,0.0,0.0
305,0.0,0.0,0.0,0.0,0.0,0.0,0.0,0.0
306,0.0,0.0,0.0,0.0,0.0,0.0,0.0,0.0
307,0.0,0.0,0.0,0.0,0.0,0.0,0.0,0.0
308,0.0,0.0,0.0,0.0,0.0,0.0,0.0,0.0
309,0.0,0.0,0.0,0.0,0.0,0.0,0.0,0.0
310,0.0,0.0,0.0,0.0,0.0,0.0,0.0,0.0
311,0.0,0.0,0.0,0.0,0.0,0.0,0.0,0.0
312,0.0,0.0,0.0,0.0,0.0,0.0,0.0,0.0
313,0.0,0.0,0.0,0.0,0.0,0.0,0.0,0.0
314,0.0,0.0,0.0,0.0,0.0,0.0,0.0,0.0
315,0.0,0.0,0.0,0.0,0.0,0.0,0.0,0.0
316,0.0,0.0,0.0,0.0,0.0,0.0,0.0,0.0
317,0.0,0.0,0.0,0.0,0.0,0.0,0.0,0.0
318,0.0,0.0,0.0,0.0,0.0,0.0,0.0,0.0
319,0.0,0.0,0.0,0.0,0.0,0.0,0.0,0.0
320,0.0,0.0,0.0,0.0,0.0,0.0,0.0,0.0
321,0.0,0.0,0.0,0.0,0.0,0.0,0.0,0.0
322,0.0,0.0,0.0,0.0,0.0,0.0,0.0,0.0
323,0.0,0.0,0.0,0.0,0.0,0.0,0.0,0.0
324,0.0,0.0,0.0,0.0,0.0,0.0,0.0,0.0
325,0.0,0.0,0.0,0.0,0.0,0.0,0.0,0.0
326,0.0,0.0,0.0,0.0,0.0,0.0,0.0,0.0
327,0.0,0.0,0.0,0.0,0.0,0.0,0.0,0.0
328,0.0,0.0,0.0,0.0,0.0,0.0,0.0,0.0
329,0.0,0.0,0.0,0.0,0.0,0.0,0.0,0.0
330,0.0,0.0,0.0,0.0,0.0,0.0,0.0,0.0
331,0.0,0.0,0.0,0.0,0.0,0.0,0.0,0.0
332,0.0,0.0,0.0,0.0,0.0,0.0,0.0,0.0
333,0.0,0.0,0.0,0.0,0.0,0.0,0.0,0.0
334,0.0,0.0,0.0,0.0,0.0,0.0,0.0,0.0
335,0.0,0.0,0.0,0.0,0.0,0.0,0.0,0.0
336,0.0,0.0,0.0,0.0,0.0,0.0,0.0,0.0
337,0.0,0.0,0.0,0.0,0.0,0.0,0.0,0.0
338,0.0,0.0,0.0,0.0,0.0,0.0,0.0,0.0
339,0.0,0.0,0.0,0.0,0.0,0.0,0.0,0.0
340,0.0,0.0,0.0,0.0,0.0,0.0,0.0,0.0
341,0.0,0.0,0.0,0.0,0.0,0.0,0.0,0.0
342,0.0,0.0,0.0,0.0,0.0,0.0,0.0,0.0
343,0.0,0.0,0.0,0.0,0.0,0.0,0.0,0.0
344,0.0,0.0,0.0,0.0,3.28348e-08,0.0,3.28348e-08,0.0
345,3.30833e-08,3.30833e-08,3.30833e-08,3.30833e-08,6.61666e-08,0.0,6.61666e-08,3.30833e-08
346,9.99955e-08,9.99955e-08,3.33318e-08,9.99955e-08,9.99955e-08,3.33318e-08,9.99955e-08,6.66636e-08
347,2.01482e-07,2.01482e-07,1.00741e-07,2.01482e-07,1.67902e-07,6.71606e-08,2.35062e-07,1.67902e-07
348,4.05946e-07,4.05946e-07,1.69144e-07,4.39775e-07,3.04459e-07,1.01486e-07,4.73603e-07,2.70631e-07
349,7.83778e-07,7.49701e-07,2.72619e-07,8.51933e-07,4.77082e-07,2.38541e-07,9.20088e-07,5.1116e-07
350,1.44168e-06,1.37303e-06,4.1191e-07,1.57899e-06,7.20842e-07,4.46236e-07,1.64764e-06,7.89494e-07
351,2.45478e-06,2.31648e-06,5.87763e-07,2.86967e-06,1.10638e-06,8.98932e-07,2.86967e-06,1.2101e-06
352,4.00462e-06,3.72604e-06,7.66102e-07,5.1886e-06,1.6715e-06,1.74114e-06,4.97966e-06,1.77596e-06
353,6.31284e-06,5.61141e-06,1.05214e-06,9.25883e-06,2.63035e-06,3.26163e-06,8.90812e-06,2.41992e-06
354,9.64231e-06,7.98228e-06,1.37747e-06,1.61058e-05,4.16774e-06,6.03969e-06,1.61058e-05,2.89623e-06
355,1.4334e-05,1.08483e-05,1.81398e-06,2.69964e-05,6.61571e-06,1.02792e-05,2.96284e-05,3.23672e-06
356,2.0523e-05,1.46133e-05,2.39973e-06,4.19057e-05,1.07092e-05,1.65116e-05,5.45848e-05,4.01148e-06
357,2.84195e-05,1.94392e-05,3.39014e-06,6.15274e-05,1.78884e-05,2.55342e-05,9.56813e-05,4.94095e-06
358,3.79479e-05,2.52744e-05,5.37445e-06,8.2614e-05,3.03584e-05,3.83474e-05,0.000157856,5.73758e-06
359,5.01269e-05,3.04199e-05,1.03837e-05,8.3618e-05,5.18088e-05,5.18454e-05,0.000208588,6.91028e-06
360,6.63699e-05,3.12524e-05,2.32644e-05,4.15594e-05,8.65054e-05,3.61114e-05,9.7291e-05,9.27633e-06
361,9.03877e-05,3.26493e-05,5.74049e-05,3.96535e-05,0.000146384,4.08394e-05,4.26553e-05,1.47867e-05
362,0.000118415,3.48455e-05,0.00012528,5.71183e-05,0.000233584,6.77137e-05,7.59587e-05,2.76824e-05
363,0.000172909,4.05233e-05,0.000182899,8.81447e-05,0.000359189,0.000110941,0.000172196,5.81748e-05
364,0.000266562,8.1734e-05,0.000206868,0.000151219,0.000522425,0.000173902,0.00046016,0.000125399
365,0.000433085,0.000166788,0.000267629,0.000233762,0.000745122,0.000275468,0.001275471,0.000228092
366,0.000630563,0.000276539,0.000266274,0.000682041,0.001314021,0.000323038,0.0025735,0.000377541
367,0.000541285,0.000410098,0.000233075,0.000326251,0.001100419,0.000348187,0.003736683,0.000533151
368,0.000636068,0.000385195,0.000628813,0.000694305,0.000918058,0.000388027,0.003633161,0.00061306
369,0.000703438,0.000589771,0.000604843,0.00040496,0.000978331,0.000406014,0.003069393,0.000858377
370,0.000633213,0.000718996,0.000752751,0.000319161,0.00123774,0.000415357,0.002450567,0.00074387
371,0.000664028,0.00093463,0.000620569,0.000269218,0.000938308,0.000438982,0.001884011,0.000873297
372,0.000954232,0.001038712,0.000514641,0.000290368,0.001274883,0.000467446,0.001395336,0.00105264
373,0.00112352,0.000923153,0.00068747,0.000394487,0.0010659,0.000515492,0.001026179,0.000996148
374,0.001439475,0.001258171,0.000698787,0.000470182,0.001056279,0.00049206,0.000784806,0.001278517
375,0.001906761,0.001460475,0.000973244,0.000294349,0.001004216,0.000611805,0.000682949,0.001631181
376,0.002233609,0.001722387,0.001201091,0.000244109,0.000979618,0.000607112,0.000590634,0.001461392
377,0.002942202,0.001826159,0.001042499,0.000248046,0.001014674,0.000695177,0.000622659,0.001486265
378,0.003682095,0.001691423,0.001208265,0.000278319,0.000929079,0.000789259,0.000557588,0.001335206
379,0.004745907,0.002066168,0.001474731,0.000401863,0.000925112,0.000813112,0.00069617,0.001368005
380,0.005768833,0.002169981,0.001509336,0.000313381,0.000846602,0.001005361,0.000830266,0.001535197
381,0.006866159,0.00243469,0.001649622,0.000329378,0.000824916,0.001220455,0.001120709,0.001230754
382,0.008517068,0.002594977,0.001925774,0.000362917,0.00085542,0.001209075,0.001411659,0.001400367
383,0.010678839,0.002783919,0.002132048,0.000332702,0.000893503,0.001299188,0.001841434,0.001372256
384,0.014009466,0.002880249,0.002267167,0.000349384,0.00091001,0.001477872,0.00240591,0.001027856
385,0.018123554,0.003112046,0.002080271,0.00039631,0.00092896,0.001710333,0.002758526,0.00132514
386,0.018616746,0.003491434,0.001073153,0.000398378,0.000959802,0.001818264,0.003409954,0.001003599
387,0.01613303,0.003853742,0.001161813,0.000487173,0.000975218,0.001488399,0.0037244,0.000741756
388,0.014784667,0.004458394,0.001152804,0.000464529,0.000991374,0.000612522,0.004126794,0.001111393
389,0.014286986,0.005124642,0.001279581,0.000520777,0.000985296,0.000732243,0.00455207,0.000853555
390,0.01439871,0.005863972,0.001396491,0.000563311,0.000913634,0.000862222,0.005031058,0.000672495
391,0.015488998,0.00675603,0.001506189,0.000587786,0.000892399,0.000987775,0.005485932,0.000730157
392,0.016780283,0.007867362,0.001477357,0.000678393,0.000975206,0.001108209,0.005937849,0.000720505
393,0.018375612,0.009164917,0.001556766,0.000720526,0.00106522,0.001221182,0.006349758,0.000805872
394,0.020212194,0.010702199,0.001653095,0.000827414,0.001170311,0.001334554,0.006906156,0.000933275
395,0.022399934,0.01257587,0.001697522,0.001002192,0.001280095,0.001446836,0.007439015,0.000905856
396,0.025164995,0.014874696,0.00165963,0.001043965,0.001397588,0.001563985,0.00809624,0.000931695
397,0.02858162,0.017456175,0.001723056,0.001147759,0.001523468,0.00170024,0.008844843,0.001081307
398,0.032646003,0.020394757,0.001871819,0.001210256,0.001659777,0.001829504,0.009500817,0.001277679
399,0.037572069,0.023468171,0.002023028,0.001221636,0.001809214,0.001945406,0.010172299,0.001498018
400,0.04340535,0.026429703,0.002160359,0.001191075,0.00198481,0.002072135,0.010950507,0.001749813
401,0.049722796,0.029413573,0.002231566,0.001394365,0.002180616,0.002208471,0.011453957,0.002026051
402,0.056973795,0.033667953,0.002192505,0.001623613,0.002385313,0.002353506,0.011748463,0.002347614
403,0.064977696,0.038018082,0.002326843,0.001887419,0.002572745,0.002516366,0.011644624,0.00270319
404,0.072845032,0.042375132,0.002439407,0.00222613,0.002729609,0.002695194,0.010834677,0.003090823
405,0.084005494,0.046675206,0.002534457,0.002642402,0.002867458,0.002873016,0.009790496,0.003498403
406,0.097708926,0.050963486,0.002607934,0.003138181,0.003055258,0.003029857,0.008513031,0.003861491
407,0.112423128,0.055458338,0.002628907,0.003704706,0.003204117,0.003182909,0.007849782,0.004156025
408,0.12768369,0.060584969,0.002594579,0.004335855,0.003333358,0.003322347,0.008252251,0.004388034
409,0.143294044,0.066267505,0.002471094,0.005003588,0.003453886,0.003409295,0.008995655,0.004630004
410,0.159547759,0.07266766,0.002371732,0.005735682,0.003533775,0.003421277,0.009787409,0.004879937
411,0.176679765,0.07969701,0.002463499,0.006560757,0.003554975,0.003404136,0.010470766,0.005108095
412,0.198061808,0.087612318,0.002686768,0.007458585,0.00352817,0.003403537,0.011098154,0.005292864
413,0.221577291,0.096156948,0.002966561,0.00838083,0.00339131,0.003361844,0.011330568,0.005400301
414,0.246477451,0.10530741,0.003300805,0.009327246,0.00309873,0.003249146,0.010803684,0.005456089
415,0.27259655,0.11497238,0.003674166,0.010269035,0.003004782,0.003107098,0.009600321,0.005523897
416,0.299507037,0.125430335,0.003981224,0.011156977,0.003188521,0.002859001,0.007088388,0.00561272
417,0.327416793,0.137967639,0.004223203,0.012005822,0.003460619,0.002429596,0.0048315,0.00563963
418,0.355043281,0.152693731,0.004305286,0.012724425,0.003767871,0.00177459,0.005008446,0.005614032
419,0.381503353,0.169052353,0.004193566,0.013380311,0.004101285,0.001770591,0.005282433,0.00561943
420,0.406052978,0.186881884,0.003830549,0.014298979,0.004472497,0.001836009,0.005647217,0.005683045
421,0.426367026,0.205637384,0.002965241,0.015313119,0.004848906,0.001910695,0.006067545,0.005653171
422,0.440648122,0.225274072,0.001929555,0.016370666,0.005211917,0.001987614,0.006525555,0.005545596
423,0.446916669,0.245829273,0.001665064,0.017419339,0.005553324,0.002057509,0.006992219,0.005295733
424,0.444738184,0.267332401,0.001544233,0.018503423,0.00591224,0.002129105,0.007541165,0.004771319
425,0.436584781,0.289033149,0.001473129,0.019569749,0.006269744,0.002195485,0.008075335,0.003829432
426,0.425185378,0.310720752,0.001434426,0.020612135,0.006608628,0.002247215,0.00847751,0.003436924
427,0.41134834,0.332152108,0.001427933,0.021623433,0.006926653,0.002289271,0.008782087,0.003635529
428,0.395507494,0.352996093,0.001439998,0.022624517,0.007188796,0.00232909,0.008961435,0.003908599
429,0.377913885,0.373179673,0.001467681,0.023637263,0.007399655,0.002371985,0.008872409,0.004201211
430,0.358611923,0.392428041,0.001526033,0.024639927,0.007782898,0.002421263,0.008505074,0.004512146
431,0.338391064,0.40969108,0.001608117,0.025564945,0.008392955,0.002463154,0.007864982,0.004802268
432,0.316495676,0.425139257,0.001729378,0.026479396,0.009125002,0.002505098,0.006982205,0.005132601
433,0.293361138,0.438725011,0.001904513,0.027386892,0.009927626,0.002546981,0.006413127,0.005485335
434,0.269087335,0.451341868,0.002136905,0.028276071,0.010771085,0.002558482,0.006332555,0.00586505
435,0.243490532,0.463722641,0.002440394,0.029229836,0.011674515,0.002524493,0.006360668,0.006199431
436,0.216529165,0.475719537,0.002851431,0.030261339,0.012643688,0.002562429,0.006431534,0.006536507
437,0.188394535,0.486824466,0.003394904,0.031357159,0.013655809,0.002647812,0.006450449,0.00689956
438,0.160013477,0.496549877,0.004087143,0.032466406,0.014672771,0.002738479,0.006279897,0.007284002
439,0.131725098,0.505030481,0.005017628,0.033618243,0.015696689,0.002831264,0.00596144,0.007563273
440,0.10586758,0.512292038,0.00623809,0.034768866,0.016662682,0.002913817,0.005475368,0.007737529
441,0.083715531,0.518670494,0.00782297,0.035936215,0.017567115,0.002984434,0.004711467,0.007785952
442,0.066407704,0.524266187,0.009823085,0.03718744,0.018503159,0.00303137,0.004363369,0.007632721
443,0.053052528,0.528880433,0.012308573,0.038431068,0.019592456,0.003042282,0.004584188,0.007182809
444,0.042447643,0.532101639,0.015314585,0.03954507,0.020733374,0.00303312,0.004958674,0.007085657
445,0.033722888,0.533924939,0.019069384,0.040533311,0.021915609,0.003056294,0.005516577,0.007134105
446,0.026788596,0.534647601,0.023747673,0.041288607,0.023080179,0.003112367,0.006209048,0.00712384
447,0.021268994,0.534969641,0.029508693,0.042059283,0.024230054,0.003187339,0.006999799,0.007044484
448,0.016641093,0.535282669,0.03648505,0.043278104,0.025350783,0.003265381,0.007939098,0.006888617
449,0.012640417,0.535742841,0.044837169,0.045154305,0.026438777,0.003338973,0.009012992,0.00670076
450,0.009448314,0.536439492,0.054584314,0.047468429,0.027490464,0.003407996,0.009989434,0.006497162
451,0.007253852,0.537055765,0.066227947,0.050087044,0.02857294,0.003469622,0.010837032,0.006254937
452,0.00584759,0.537264933,0.07952645,0.052727398,0.029762518,0.003511413,0.011455215,0.005976779
453,0.004840384,0.536804291,0.094970507,0.05528586,0.03120674,0.003531742,0.011677412,0.005711252
454,0.004058676,0.535798887,0.112194991,0.057638827,0.032829793,0.003537627,0.01133371,0.005504542
455,0.003434039,0.534262533,0.13155142,0.059952543,0.034578753,0.003526581,0.011746163,0.005328057
456,0.00297553,0.532370345,0.152819412,0.062322501,0.036382536,0.003493049,0.012035942,0.005086297
457,0.002680481,0.529973128,0.176795801,0.064776658,0.038272363,0.003430124,0.012122685,0.00480152
458,0.002540379,0.527059827,0.20326429,0.067187751,0.040205027,0.003340032,0.012022606,0.004484871
459,0.002497273,0.523322884,0.231750242,0.069482595,0.042122387,0.003243243,0.011776624,0.004027614
460,0.002510497,0.518858451,0.262577838,0.071571321,0.044061432,0.003183533,0.01142136,0.003349782
461,0.002564649,0.513520705,0.296116039,0.073390898,0.046062053,0.003166089,0.01097518,0.002388428
462,0.002641883,0.507358123,0.331017268,0.075311298,0.048065307,0.003168626,0.010479174,0.002334176
463,0.002729768,0.49974696,0.367209134,0.078592473,0.050067379,0.003177808,0.009921221,0.002430885
464,0.002822465,0.490820405,0.403260827,0.08291942,0.052032729,0.003189911,0.009309404,0.002558025
465,0.002930104,0.480775956,0.439215875,0.087773431,0.054066321,0.003200717,0.008712904,0.002703018
466,0.003039564,0.469461186,0.473604448,0.092839025,0.056099921,0.003195161,0.008255583,0.002852579
467,0.003145422,0.457496007,0.505115038,0.098018861,0.058108158,0.003166119,0.00790201,0.003000991
468,0.003247564,0.444898177,0.533348832,0.103385413,0.060152365,0.00312143,0.007608094,0.003151297
469,0.003354236,0.431765139,0.557680155,0.108914593,0.06238639,0.003073998,0.007361095,0.003311666
470,0.003443983,0.417574107,0.576310822,0.114280407,0.064810474,0.003022703,0.007131058,0.003474241
471,0.00352915,0.402496741,0.587781834,0.119509354,0.067559538,0.002966632,0.006924644,0.003643712
472,0.0036191,0.38700667,0.590419933,0.124515512,0.070607249,0.00290276,0.006754449,0.003821106
473,0.003701561,0.370612887,0.588017788,0.129251281,0.073831176,0.002826916,0.006601956,0.004006485
474,0.00377711,0.353941925,0.584595649,0.133949844,0.077107346,0.002737817,0.006470817,0.004207426
475,0.003858458,0.337291494,0.580052627,0.139236597,0.080554847,0.002633839,0.006379479,0.004440318
476,0.003918544,0.32029873,0.573942686,0.145070114,0.084038042,0.002509646,0.00631252,0.004695164
477,0.003963624,0.303657146,0.566109436,0.151152281,0.087513846,0.002400153,0.006257378,0.004972142
478,0.004012544,0.287721436,0.556441068,0.157317162,0.091160968,0.002350372,0.006216357,0.005284002
479,0.00405359,0.271725039,0.544744928,0.163389591,0.095076214,0.002341481,0.006183621,0.005631899
480,0.004088351,0.25625168,0.531711052,0.168984249,0.09916229,0.002351692,0.006169971,0.006002549
481,0.004139398,0.241564223,0.517314268,0.174268489,0.103496972,0.002372629,0.006241614,0.006400123
482,0.004199377,0.227065585,0.501289051,0.179761115,0.107952619,0.002394746,0.006460859,0.006811432
483,0.004293147,0.213482912,0.483792729,0.18660581,0.112514838,0.002421612,0.00681208,0.007229036
484,0.004393044,0.200320154,0.464997251,0.194912191,0.116936726,0.002445318,0.007227637,0.00763281
485,0.004522014,0.187711551,0.444728247,0.204582667,0.121386065,0.002467996,0.007691842,0.00803401
486,0.004683451,0.175945359,0.423855053,0.215042747,0.125954065,0.002490063,0.008171124,0.008425049
487,0.004853578,0.164510311,0.402757489,0.225947996,0.130872807,0.002512601,0.008632977,0.00878612
488,0.005047793,0.153750022,0.380970499,0.238015549,0.136686703,0.002554013,0.009089898,0.00913555
489,0.005248804,0.144389621,0.359487392,0.251386445,0.143115702,0.002619243,0.009514016,0.009459421
490,0.005448505,0.136171521,0.338440943,0.266312726,0.15004871,0.002707739,0.009898662,0.009754562
491,0.005664139,0.129478072,0.318869878,0.282562301,0.157484754,0.002820766,0.010249912,0.01003766
492,0.005846277,0.123625449,0.301610341,0.299400374,0.165035631,0.002941777,0.01052425,0.010257943
493,0.005996354,0.118441889,0.286050022,0.316898125,0.172785273,0.003071517,0.01071611,0.010420469
494,0.006118111,0.113801879,0.271566505,0.335021356,0.180717431,0.003209634,0.01082265,0.01054013
495,0.006187273,0.109119107,0.257363588,0.353989293,0.18884205,0.003352155,0.010832886,0.010603926
496,0.006210418,0.1045179,0.243643507,0.37334744,0.197037268,0.003500243,0.010762342,0.010645883
497,0.006173906,0.099473063,0.229757135,0.393809303,0.205662606,0.003670696,0.010615197,0.010666039
498,0.006121874,0.094026288,0.216476862,0.414866515,0.214633564,0.003882173,0.010451987,0.010671721
499,0.006196519,0.088346114,0.204943435,0.435889445,0.22385609,0.004140397,0.010350466,0.010664929
500,0.006367594,0.082179678,0.195200142,0.457445787,0.233837214,0.004453824,0.010307199,0.010620447
501,0.006578893,0.076221246,0.187691612,0.478398128,0.244333778,0.004807766,0.010290177,0.010546936
502,0.006807804,0.070527066,0.181385537,0.499480435,0.255899749,0.005224253,0.010234668,0.010419495
503,0.007048145,0.06579418,0.176119558,0.520028357,0.268064266,0.005690773,0.010122362,0.010259142
504,0.007288048,0.06181465,0.171028674,0.540748453,0.281060376,0.006231595,0.009919398,0.0100369
505,0.007536558,0.058575032,0.165988618,0.561143815,0.294669822,0.006857543,0.00961311,0.009774985
506,0.007803125,0.055917748,0.161021578,0.580372803,0.308631656,0.007576851,0.009260572,0.00949521
507,0.008060702,0.053431154,0.155474014,0.59806759,0.323046786,0.008424163,0.009069088,0.009157534
508,0.008316678,0.051131955,0.149584658,0.613463168,0.337604077,0.009402771,0.009136619,0.008812192
509,0.008530609,0.048725799,0.142957619,0.626376255,0.352495729,0.01056324,0.009342524,0.008434442
510,0.008708736,0.046294866,0.136785225,0.636288634,0.36743175,0.011910908,0.009624282,0.00808364
511,0.008808589,0.043613934,0.131656752,0.64311491,0.382628213,0.013523676,0.009925355,0.007726429
512,0.008836197,0.040822077,0.12817177,0.646582097,0.397738507,0.015409802,0.010224262,0.007397257
513,0.008756973,0.037755685,0.125275728,0.646754319,0.412746627,0.017640467,0.010492828,0.007046365
514,0.008641243,0.034590279,0.122774949,0.643713613,0.427722878,0.020283534,0.01073841,0.006713795
515,0.008508556,0.031297377,0.11987389,0.637993185,0.442529932,0.02338566,0.010888308,0.006356411
516,0.008394093,0.028216125,0.116689497,0.629996646,0.457284034,0.027001912,0.010916703,0.006013895
517,0.008261321,0.025490507,0.112669065,0.62042549,0.471850434,0.031150125,0.010782349,0.005651021
518,0.008126246,0.023363316,0.108039952,0.609441559,0.486242244,0.035863034,0.010481765,0.005324077
519,0.007974237,0.021728152,0.10238905,0.597467007,0.50022028,0.041131719,0.009972984,0.005041315
520,0.007847147,0.020503734,0.096021654,0.58443279,0.513657176,0.046963643,0.009365668,0.004861473
521,0.00779701,0.019583417,0.089558925,0.570401329,0.526245451,0.053251624,0.008994467,0.004785376
522,0.007827228,0.018804149,0.083232889,0.555055681,0.538070184,0.060123014,0.008828335,0.00476634
523,0.00792556,0.018148796,0.077785272,0.538656683,0.548902211,0.067347612,0.00874225,0.004803738
524,0.008037192,0.017522096,0.072887623,0.52097879,0.559217874,0.075049438,0.008677157,0.004872493
525,0.008154423,0.016942633,0.068692596,0.502445166,0.56933057,0.082951449,0.008637555,0.004981069
526,0.008263217,0.016343426,0.064745607,0.48281967,0.579842559,0.091223782,0.008617218,0.005113258
527,0.008366519,0.01575739,0.061212782,0.462576651,0.590569532,0.099597149,0.008652718,0.005278032
528,0.008437882,0.01512888,0.057754578,0.441469169,0.601575919,0.108297134,0.008740009,0.005462496
529,0.008452269,0.014502463,0.054551733,0.42006321,0.61246995,0.117048967,0.008886274,0.005675186
530,0.008380539,0.013856492,0.051415046,0.39865361,0.623161154,0.125860709,0.009097095,0.005903035
531,0.008230472,0.013170488,0.048162209,0.376431851,0.633889811,0.135091091,0.009371218,0.006155469
532,0.008009823,0.012504993,0.044954744,0.354301908,0.644096641,0.14431752,0.009690589,0.006432206
533,0.007683731,0.011829936,0.041577504,0.332317872,0.653605237,0.153722193,0.010030017,0.006715543
534,0.007273189,0.011216606,0.038212697,0.310600635,0.662108051,0.163201465,0.010384125,0.007024195
535,0.006835304,0.010639992,0.034783869,0.289842529,0.669302579,0.172894074,0.010710195,0.00733125
536,0.006656129,0.010151964,0.031552802,0.270413783,0.675023607,0.182735589,0.011012541,0.00765406
537,0.006671981,0.009703053,0.028552744,0.252790398,0.67926777,0.192906992,0.011243566,0.007965275
538,0.006776453,0.009319748,0.026023975,0.237020853,0.682340289,0.203206507,0.011417048,0.008274459
539,0.006919128,0.008955359,0.023867224,0.222174439,0.684804555,0.214141351,0.011533274,0.008578566
540,0.007080709,0.008631462,0.022175947,0.208620298,0.687138561,0.225114444,0.011606509,0.008864821
541,0.007247643,0.008308921,0.020754561,0.195370367,0.689676771,0.236625511,0.011651958,0.009130693
542,0.007426131,0.008012874,0.019592849,0.182523394,0.692489816,0.248262374,0.011690491,0.009380096
543,0.007603272,0.00770529,0.018551405,0.169487692,0.695575723,0.26037392,0.011710884,0.009602278
544,0.007789947,0.007411172,0.017643641,0.156562673,0.698866673,0.272488915,0.011723119,0.009803076
545,0.0079786,0.00711154,0.016808159,0.143433768,0.702349422,0.284757298,0.011713633,0.009977943
546,0.008158914,0.006792653,0.016006491,0.129698586,0.706010888,0.297352316,0.011671312,0.010122973
547,0.008338642,0.006489029,0.01528467,0.11568615,0.709764909,0.309837622,0.011614323,0.010249719
548,0.008499269,0.006185996,0.014598589,0.100789394,0.713541038,0.322588665,0.011523741,0.010349192
549,0.008651437,0.005927081,0.014005666,0.085653946,0.717179068,0.335137397,0.011422481,0.010431741
550,0.008768071,0.005702507,0.013486541,0.070196685,0.720487982,0.347670779,0.011307612,0.010482152
551,0.008873137,0.005544058,0.013114772,0.055218972,0.723383771,0.360021693,0.011207242,0.010520516
552,0.008932938,0.005427763,0.012880431,0.041014498,0.725676003,0.372341555,0.011093764,0.010532846
553,0.008956683,0.005360235,0.012809591,0.028890376,0.727363883,0.384193431,0.010998848,0.010535683
554,0.008926163,0.005317037,0.01284541,0.019523195,0.72846361,0.395657619,0.010929282,0.010526237
555,0.008839882,0.005286202,0.012952855,0.013062625,0.729057185,0.407450068,0.010890382,0.010514065
556,0.008712057,0.005267424,0.013096033,0.009272135,0.729380003,0.419207651,0.010885038,0.010516243
557,0.008530654,0.005247162,0.013246981,0.006908039,0.729391734,0.431530745,0.010900441,0.010534282
558,0.008326698,0.005228964,0.013383817,0.005452022,0.729194326,0.443648731,0.010927264,0.010573381
559,0.008112524,0.005203192,0.013492572,0.004457169,0.728536307,0.456056991,0.010947252,0.010623705
560,0.007948854,0.005176378,0.013557037,0.003808223,0.727477165,0.468062781,0.010970839,0.010681019
561,0.007847765,0.005147372,0.01356705,0.00337038,0.725845155,0.480147586,0.011017272,0.010741212
562,0.007784004,0.005102578,0.013488686,0.003078692,0.723623752,0.492076744,0.011095536,0.010780238
563,0.007760609,0.005058994,0.013333137,0.002897832,0.721036421,0.503886641,0.011196523,0.010811209
564,0.007749401,0.005000966,0.013077007,0.002780583,0.717991662,0.515809085,0.011286186,0.010814062
565,0.007763451,0.00494451,0.012737796,0.002714886,0.714699695,0.527881758,0.011368723,0.010806118
566,0.007783385,0.004875788,0.012327201,0.002679089,0.711194419,0.539759607,0.011447105,0.010769486
567,0.00780648,0.004789629,0.011883299,0.00266251,0.707306196,0.551639751,0.011505346,0.010699493
568,0.007847394,0.004702049,0.011487452,0.002666105,0.703247843,0.563301579,0.011460892,0.010619243
569,0.007895292,0.004601178,0.011161709,0.002681547,0.698792702,0.574780148,0.011226473,0.010514811
570,0.007966918,0.004507456,0.010916843,0.00271182,0.694205318,0.585903042,0.010835896,0.010417529
571,0.008061486,0.004420087,0.010726298,0.002753184,0.689391823,0.596695775,0.010257536,0.01032775
572,0.008181009,0.004339086,0.010569418,0.002802518,0.684234586,0.607182621,0.009414737,0.010242204
573,0.008340949,0.004281567,0.010443754,0.002862464,0.679018323,0.617296738,0.008340531,0.010185765
574,0.008533593,0.004236281,0.010333501,0.002927973,0.673473384,0.627084965,0.007658705,0.010134313
575,0.008763085,0.004213139,0.010241452,0.00300126,0.667879007,0.636474152,0.007924473,0.010106528
576,0.009018058,0.004203544,0.010161364,0.003079433,0.662078267,0.645459665,0.008643074,0.010087866
577,0.009278698,0.004196628,0.010082302,0.003156709,0.655978335,0.653864919,0.009605286,0.010058004
578,0.009559311,0.004204328,0.010006468,0.003241955,0.649702562,0.662007803,0.010806854,0.010048318
579,0.009843316,0.004216058,0.009922106,0.003330385,0.643205029,0.669749066,0.012232195,0.010038259
580,0.010121292,0.004224796,0.009816937,0.003420316,0.636387625,0.677129604,0.013906833,0.010012369
581,0.010382158,0.004235212,0.009698266,0.003512613,0.629774838,0.684109405,0.015793232,0.009985383
582,0.010623333,0.004242718,0.009552125,0.00361053,0.622922212,0.691082154,0.018026394,0.009943236
583,0.01082914,0.004253786,0.009378096,0.003714183,0.616251474,0.69806293,0.020580867,0.009904289
584,0.010978128,0.004261934,0.009161036,0.003816243,0.609578861,0.705043044,0.023434905,0.009851273
585,0.01107106,0.004271519,0.008886455,0.003920212,0.602360137,0.712338274,0.026779012,0.009784535
586,0.011103749,0.004289573,0.008586193,0.004020921,0.594951218,0.719605885,0.030483272,0.009719841
587,0.011078007,0.004321461,0.00826532,0.004122284,0.586843756,0.726964712,0.034788608,0.009656982
588,0.010981586,0.004358553,0.007926155,0.004211528,0.578028489,0.734022315,0.039575815,0.009572423
589,0.010861193,0.004415315,0.007568099,0.004301546,0.568771503,0.740780681,0.045097976,0.0095059
590,0.010741042,0.004474106,0.007174698,0.004377353,0.559106974,0.746923274,0.051206351,0.009422535
591,0.010691675,0.004546726,0.006759643,0.004454214,0.549440459,0.75249454,0.058211473,0.009362918
592,0.010707498,0.004618155,0.006314195,0.004522076,0.539994884,0.757300508,0.065867903,0.009304392
593,0.010767882,0.004685244,0.005806399,0.004582014,0.530478484,0.761429932,0.074400803,0.009239992
594,0.010869403,0.004757213,0.005243521,0.00464768,0.52113121,0.764968588,0.084030129,0.009198744
595,0.010976605,0.004819742,0.00468596,0.00470677,0.511922126,0.767920526,0.09436799,0.009153933
596,0.011077588,0.004870354,0.004299458,0.004757874,0.502507252,0.770429995,0.105680826,0.009098067
597,0.011185073,0.004920456,0.004115153,0.004814089,0.49328191,0.772597613,0.118225748,0.009061499
598,0.011275713,0.004956858,0.004034821,0.004861814,0.484504328,0.774367095,0.131464174,0.009021573
599,0.011345723,0.004977549,0.004005751,0.004899421,0.476083026,0.775647801,0.145713394,0.00897687
600,0.011410085,0.004992861,0.004011813,0.004938858,0.468535011,0.776343464,0.160902508,0.008957995
601,0.011461355,0.004997199,0.00404012,0.004978106,0.461614689,0.776273741,0.177061087,0.00896722
602,0.011490631,0.004983521,0.004083979,0.005013895,0.454967316,0.775246823,0.194223066,0.009017467
603,0.011516963,0.004963177,0.004144453,0.005057567,0.448715424,0.773291357,0.21230302,0.009149414
604,0.011531726,0.004929028,0.004218521,0.005102945,0.44248214,0.770354506,0.231313834,0.009371588
605,0.01153015,0.004875576,0.004307325,0.005150041,0.435873394,0.766310129,0.251736509,0.00970192
606,0.011521233,0.004810346,0.004407514,0.005201762,0.429355055,0.761621279,0.272506333,0.010125814
607,0.011500969,0.004729818,0.00452086,0.00525315,0.422667346,0.756243413,0.294080426,0.010648701
608,0.01145363,0.004624873,0.004642145,0.005288535,0.415692672,0.750264912,0.315935738,0.011256304
609,0.011413763,0.004520396,0.004781709,0.005328539,0.408643443,0.743773117,0.339018258,0.011977177
610,0.011368739,0.004410466,0.004933802,0.005361235,0.401327311,0.736804205,0.362855885,0.012800371
611,0.01131232,0.004291907,0.005096859,0.005378668,0.393398077,0.729226855,0.387487451,0.01373806
612,0.011272378,0.004185009,0.005273315,0.00539576,0.385178164,0.721345256,0.412775853,0.014780473
613,0.011241238,0.004083973,0.005463317,0.005408537,0.376333641,0.712984523,0.438693631,0.015940068
614,0.011208459,0.003982508,0.005666556,0.005412096,0.366516549,0.703890292,0.465193469,0.017236683
615,0.011192956,0.003895466,0.005885344,0.005421239,0.356251074,0.694334747,0.492062711,0.01865215
616,0.011175709,0.003811265,0.006111917,0.005423989,0.345488813,0.684225118,0.518657893,0.020170288
617,0.011155114,0.003726394,0.00635795,0.005422695,0.333849221,0.672886165,0.546224089,0.02188588
618,0.011140892,0.003651588,0.006619073,0.005426166,0.322289519,0.660899745,0.573924077,0.023737417
619,0.01111504,0.003578425,0.006894714,0.005423946,0.310747951,0.648048628,0.601631607,0.025748551
620,0.011051406,0.003496238,0.007175538,0.005401137,0.299227697,0.6343204,0.628585445,0.027901646
621,0.010972568,0.003422901,0.00747737,0.00538122,0.288145182,0.619929105,0.655647372,0.030248024
622,0.01085477,0.003347661,0.007789422,0.005350399,0.277322264,0.604915009,0.681889515,0.032774214
623,0.010675739,0.003260335,0.008098442,0.005313849,0.266536562,0.589295731,0.706322159,0.035462209
624,0.010464397,0.003180337,0.008420295,0.005265393,0.256033901,0.57332118,0.729287633,0.038380752
625,0.010199818,0.003096391,0.00873269,0.005226684,0.245695512,0.557249187,0.749154176,0.04145048
626,0.009874641,0.003008537,0.00904919,0.005187111,0.234965331,0.540300349,0.766082476,0.044867122
627,0.009525458,0.002929016,0.009353239,0.005169155,0.224612498,0.523731928,0.778493925,0.048438481
628,0.009160219,0.002859624,0.009658424,0.005149817,0.214163787,0.506758217,0.786106829,0.052391947
629,0.00880302,0.002799022,0.009941502,0.005170999,0.203934806,0.489953917,0.788281603,0.05659974
630,0.008467446,0.002748365,0.010211149,0.005136426,0.193555924,0.472542766,0.786508094,0.061343515
631,0.008193505,0.002713355,0.010450954,0.005187438,0.183906204,0.455864794,0.783519992,0.066358629
632,0.007971376,0.002691562,0.010671764,0.005152069,0.174615508,0.439228382,0.780035666,0.071953744
633,0.007778116,0.002670666,0.010847795,0.005171177,0.165709393,0.422945029,0.775840221,0.078016155
634,0.007631638,0.002663244,0.011010508,0.005245348,0.157470276,0.407388706,0.770624152,0.084691501
635,0.007505828,0.00265722,0.011135568,0.005255208,0.149783367,0.392729219,0.764493386,0.091820489
636,0.007389954,0.002650024,0.011218866,0.005316953,0.142293649,0.378429871,0.757400525,0.099685177
637,0.007302117,0.002652127,0.011280636,0.00528181,0.135292063,0.364891054,0.749548541,0.108314133
638,0.007225857,0.002652986,0.011289517,0.005303163,0.128660924,0.352106073,0.741307597,0.117498287
639,0.007166003,0.002655502,0.01124803,0.005388823,0.122316334,0.339853936,0.732544424,0.127446199
640,0.007121496,0.002658275,0.01114369,0.005342178,0.116046943,0.327712091,0.722902239,0.138568167
641,0.007098042,0.002663281,0.010987834,0.005339722,0.110378661,0.316602464,0.712969057,0.150167344
642,0.007090161,0.002668927,0.010767935,0.00535997,0.105132858,0.306080574,0.702338416,0.162615392
643,0.007091511,0.002673803,0.010463611,0.005389725,0.100180991,0.295708041,0.690527344,0.176398288
644,0.007099869,0.002679326,0.010105043,0.005366482,0.095926398,0.286140806,0.678280882,0.190641481
645,0.007109227,0.002685217,0.009693285,0.005380257,0.092143206,0.276805353,0.665268372,0.205797617
646,0.007116083,0.002693709,0.009264903,0.005422408,0.088767104,0.267513269,0.65161814,0.221872747
647,0.0071122,0.002701691,0.008855859,0.005480449,0.085603827,0.257823006,0.637371324,0.239100805
648,0.007109199,0.002715984,0.008544725,0.005545901,0.082792596,0.24815637,0.623002597,0.256990191
649,0.007105657,0.002736799,0.008316297,0.005618689,0.080126882,0.238056155,0.60810818,0.276106496
650,0.007087512,0.002755605,0.008125364,0.005685627,0.077464838,0.227411113,0.593146737,0.29594092
651,0.007074372,0.002780753,0.007986105,0.005759791,0.07494642,0.216735041,0.577978875,0.316257742
652,0.007061199,0.002809971,0.007866223,0.005832241,0.072431765,0.205803509,0.562305358,0.337261795
653,0.007048561,0.002842792,0.007755304,0.005898579,0.069899514,0.194741529,0.546021107,0.358882307
654,0.007028347,0.00287617,0.007631914,0.005947614,0.067244084,0.183390016,0.528894882,0.381352148
655,0.007016097,0.002915353,0.007523045,0.005989216,0.064676508,0.172576266,0.511355911,0.403963291
656,0.007003722,0.002956959,0.007411753,0.00601963,0.062117173,0.162114335,0.493328758,0.426936386
657,0.006982704,0.002998792,0.007281483,0.006034992,0.059490795,0.151770265,0.474725309,0.450507849
658,0.006968348,0.003044588,0.007163506,0.006053075,0.057010523,0.142170798,0.456091747,0.473939369
659,0.006951863,0.003088705,0.007043302,0.006068527,0.054579933,0.132978406,0.437298131,0.497475593
660,0.006932004,0.003127878,0.006923274,0.006080098,0.052188667,0.124170823,0.418382256,0.521039661
661,0.006900561,0.003158948,0.006790519,0.006071215,0.049724198,0.115485594,0.399124165,0.544885366
662,0.006872795,0.003187474,0.006680192,0.006048175,0.047353186,0.107522871,0.379954291,0.568262638
663,0.006843248,0.0032123,0.006581785,0.006003931,0.044963445,0.100089409,0.360640379,0.591413244
664,0.006814723,0.003235157,0.006502376,0.005939593,0.042543272,0.093280348,0.341205608,0.61424926
665,0.006777503,0.00325277,0.006428056,0.005838255,0.040009875,0.086979302,0.321895917,0.636577282
666,0.006756463,0.003272029,0.006411328,0.005718454,0.037532303,0.081533906,0.302542889,0.658505473
667,0.006740756,0.003289954,0.006432479,0.005560945,0.035050617,0.076682493,0.283567156,0.67983927
668,0.006731174,0.003305867,0.006484176,0.005358867,0.032596081,0.072308907,0.265273457,0.700498435
669,0.006722033,0.00331667,0.006549579,0.005102048,0.0301193,0.068131637,0.247724598,0.720683
670,0.006729795,0.003322447,0.006648766,0.004869921,0.02783198,0.064388191,0.231549,0.739796556
671,0.006742697,0.003319171,0.006758297,0.004699802,0.025680558,0.060855093,0.216839581,0.757741371
672,0.006773656,0.003309634,0.006894102,0.004565682,0.023653781,0.057484825,0.202943492,0.775146396
673,0.006813587,0.00329401,0.007029836,0.004439897,0.021697296,0.054157052,0.189881384,0.791812721
674,0.006879015,0.003279565,0.007185591,0.004330919,0.019953369,0.051173014,0.177946321,0.807214314
675,0.006957253,0.003266395,0.007340591,0.00422722,0.018350555,0.04841339,0.167095699,0.821201261
676,0.007057533,0.003254823,0.007503841,0.004120876,0.016813538,0.045753851,0.156765488,0.834301134
677,0.007188446,0.003245814,0.007678829,0.004018001,0.015463213,0.043408004,0.147563844,0.845775037
678,0.007345963,0.003235475,0.007853975,0.003908569,0.014235464,0.041207302,0.139358995,0.855628409
679,0.007521451,0.003222337,0.008018148,0.003792178,0.013131404,0.039101052,0.132262187,0.863554809
680,0.007726454,0.003206392,0.008183994,0.003666469,0.012102267,0.036944018,0.125843037,0.869688993
681,0.007960776,0.00319189,0.008358492,0.003544287,0.011234221,0.034893273,0.120367741,0.873652623
682,0.008208831,0.003178829,0.008520536,0.003413708,0.010485874,0.032822909,0.115604414,0.875418416
683,0.008492177,0.003166531,0.008692898,0.003272859,0.009851833,0.030705535,0.111236695,0.875164179
684,0.008779385,0.003147074,0.008843014,0.003110169,0.009304077,0.028461297,0.107145382,0.87305593
685,0.009092712,0.003122108,0.009012969,0.002939895,0.0088816,0.026277434,0.103276932,0.86966478
686,0.009413285,0.003087697,0.009181818,0.002775055,0.008542318,0.024119037,0.099491004,0.8652596
687,0.009726166,0.003039224,0.009338917,0.002697892,0.008266451,0.022067711,0.09577506,0.860115234
688,0.010051181,0.002972044,0.009507418,0.002681703,0.008044028,0.020167854,0.091973804,0.854119585
689,0.010354375,0.002879431,0.009654636,0.002680249,0.007841371,0.01840829,0.088078266,0.847200543
690,0.010660098,0.002766734,0.00982341,0.002699862,0.007685176,0.016896313,0.084135207,0.839581725
691,0.010939836,0.002659349,0.009980754,0.002724601,0.007545502,0.015545694,0.080165594,0.831253441
692,0.011217073,0.002597283,0.010149399,0.002759503,0.007424763,0.014309189,0.076050466,0.82197616
693,0.011461621,0.002581427,0.010296632,0.002791183,0.007298553,0.013126848,0.071853066,0.811709064
694,0.011705345,0.002601034,0.010466677,0.002835412,0.007195064,0.01206204,0.067648989,0.800792168
695,0.01191999,0.002636931,0.010627191,0.002879183,0.007090256,0.01106895,0.063523162,0.789243212
696,0.012127583,0.00268705,0.01080105,0.002930168,0.006988601,0.010136005,0.059366013,0.776717253
697,0.012294288,0.002738545,0.010953585,0.002975604,0.006869099,0.009242563,0.055258259,0.763162165
698,0.01244966,0.002799522,0.011127356,0.003032386,0.006760399,0.008450994,0.051253897,0.749001887
699,0.01255939,0.002858803,0.011286336,0.003087954,0.006644803,0.007734634,0.047452897,0.734262584
700,0.012632466,0.002918255,0.011440363,0.003146454,0.006526356,0.007086752,0.043864944,0.718759022
701,0.012667172,0.002977509,0.011587955,0.003208019,0.006397506,0.006478076,0.040479849,0.701781032
702,0.012665406,0.003033681,0.011725902,0.003271457,0.006273705,0.005953233,0.037644016,0.684779615
703,0.012626899,0.003091322,0.011861807,0.003341921,0.006148219,0.005479259,0.035243848,0.666814215
704,0.012531038,0.003141494,0.011969341,0.003410184,0.006014497,0.005054481,0.03331036,0.648415319
705,0.012378725,0.003187754,0.012056286,0.0034808,0.005872931,0.00467334,0.031718057,0.62936725
706,0.012152694,0.003229446,0.012119015,0.003553622,0.005713772,0.00431871,0.03031691,0.608853814
707,0.011871638,0.00326649,0.012158589,0.003626992,0.00555335,0.004018208,0.029130737,0.588630678
708,0.011524151,0.003298879,0.012165928,0.00370091,0.005382816,0.003753811,0.028044798,0.567904406
709,0.011113433,0.003330488,0.012140793,0.003779753,0.005202558,0.003524878,0.027005627,0.546432891
710,0.010653843,0.003347384,0.012050104,0.003847705,0.00499923,0.003381024,0.025971411,0.52425368
711,0.010224847,0.00336487,0.011921122,0.003919276,0.004793102,0.003189427,0.024984213,0.502408099
712,0.009852396,0.003377967,0.011737468,0.003990088,0.004575611,0.003024243,0.024003879,0.480376722
713,0.009545348,0.003391158,0.011490015,0.004064128,0.004350536,0.002904742,0.023019094,0.457964055
714,0.009283163,0.003390387,0.011158159,0.004123158,0.004118772,0.002811947,0.022024008,0.435259736
715,0.009071396,0.003391201,0.010766648,0.004181627,0.003910539,0.002751979,0.021061733,0.413318029
716,0.008886517,0.003389455,0.010315137,0.004233775,0.003723611,0.002726431,0.020144455,0.391573799
717,0.008729785,0.003388406,0.009822056,0.004283843,0.003563481,0.002693198,0.019270107,0.369778465
718,0.008560711,0.00341402,0.009349514,0.004320644,0.003424404,0.002664857,0.018446512,0.348549654
719,0.008393584,0.003362847,0.008935232,0.004342067,0.003320199,0.002665388,0.017661515,0.327017991
720,0.008235119,0.003348617,0.008608575,0.004361685,0.003213841,0.002950783,0.016971676,0.306422904
721,0.008069662,0.003341248,0.008344976,0.004373053,0.003139284,0.00265651,0.016350082,0.286199528
722,0.007894027,0.003320755,0.008120522,0.004378663,0.003074869,0.002659163,0.015795851,0.26612728
723,0.007701521,0.003302723,0.007923755,0.004370107,0.003031103,0.002747787,0.015323666,0.246848062
724,0.00747775,0.003286751,0.007722609,0.004345474,0.002996999,0.002664255,0.014820522,0.227600051
725,0.007243915,0.003308233,0.007535091,0.004322051,0.002979259,0.003271136,0.014394837,0.209576169
726,0.006988202,0.003237008,0.007367491,0.004295078,0.002969916,0.002678024,0.014150698,0.192258642
727,0.006709095,0.003211898,0.007197195,0.004266997,0.002953998,0.002774098,0.01370179,0.175704272
728,0.0063974,0.003182,0.0070211,0.0042299,0.002976,0.0026902,0.0133399,0.1596138
729,0.006082227,0.00316771,0.006924703,0.004268679,0.002971815,0.003183109,0.013040429,0.144823079
730,0.005753691,0.003149522,0.006697608,0.00418573,0.002981736,0.00271906,0.012828266,0.13041657
731,0.005432311,0.00317928,0.006562327,0.004165519,0.002987911,0.002736152,0.012552647,0.117213526
732,0.005141291,0.003302059,0.006446559,0.004145844,0.002969644,0.002932054,0.012348756,0.104973174
733,0.004869339,0.003112275,0.006283928,0.004112613,0.002964828,0.002741309,0.012655324,0.093350543
734,0.004657043,0.003101097,0.006216487,0.004081222,0.002981555,0.002744969,0.011918223,0.083033452
735,0.004485602,0.003056493,0.006069114,0.004033184,0.002993233,0.00317392,0.011740876,0.074194015
736,0.004343636,0.00299588,0.005981867,0.00396353,0.002960008,0.002785743,0.011506888,0.065882276
737,0.004217398,0.002943107,0.005844853,0.003871126,0.003000552,0.002735404,0.01238095,0.059280542
738,0.004068342,0.002923253,0.005798461,0.003752803,0.003032328,0.002717788,0.011141742,0.053113483
739,0.003985279,0.003020192,0.005949708,0.00363905,0.002938204,0.002701226,0.011251097,0.048815803
740,0.003854465,0.003823713,0.005636728,0.003527785,0.002967876,0.002711384,0.010860213,0.044319753
741,0.00381454,0.003039674,0.005508305,0.003426857,0.002937762,0.002697008,0.012009072,0.041194652
742,0.003593123,0.002832548,0.005518509,0.003420691,0.002996099,0.002692747,0.010611927,0.038665489
743,0.003417635,0.003286357,0.005643886,0.003229097,0.003049337,0.002618491,0.010621803,0.035657527
744,0.003298023,0.002799809,0.005572195,0.00313378,0.002848175,0.002606148,0.010994008,0.03323143
745,0.003229956,0.003004863,0.005190997,0.003049224,0.002911057,0.002568134,0.010921699,0.031302889
746,0.003069644,0.002964018,0.005162543,0.002962125,0.002794717,0.002553171,0.010772603,0.029719798
747,0.003022539,0.002786772,0.005146533,0.002896936,0.002913669,0.003479032,0.010182205,0.028372916
748,0.002695624,0.002693135,0.004988223,0.002849944,0.002757352,0.002436963,0.011010391,0.026639833
749,0.002583384,0.003615245,0.005056607,0.002729371,0.002593634,0.002358483,0.010266465,0.025445341
750,0.002492161,0.002659757,0.005162561,0.003053335,0.003056617,0.003302491,0.01100595,0.024068708
751,0.002591421,0.00261677,0.004706767,0.002557621,0.002472924,0.002271917,0.010469666,0.022818777
752,0.002102715,0.002958743,0.004613871,0.002544241,0.002374943,0.0023354,0.009877414,0.021921824
753,0.001913483,0.002645574,0.005447634,0.002400319,0.002459498,0.002169462,0.011331365,0.021733741
754,0.001989957,0.002995851,0.004854031,0.002348376,0.002528478,0.002497717,0.00990692,0.019666086
755,0.001571134,0.002631382,0.004275104,0.00223959,0.002473416,0.002215692,0.01005877,0.019239453
756,0.001757814,0.002682749,0.004235341,0.00233622,0.002006042,0.001914579,0.010966442,0.017790988
757,0.001443214,0.002434798,0.004059912,0.002089516,0.001902864,0.001974554,0.010064077,0.018254601
758,0.001348986,0.002496031,0.003970279,0.002003592,0.001828463,0.001710326,0.010911612,0.016009047
759,0.001200386,0.0028154,0.00373729,0.002159053,0.001605227,0.002159251,0.010030171,0.014977437
760,0.001606629,0.002344108,0.003708038,0.001884097,0.001660562,0.001595862,0.010009698,0.014600419
761,0.001222005,0.002358642,0.003673911,0.001774977,0.001392052,0.001760173,0.009960992,0.013938875
762,0.001374432,0.002322995,0.003521815,0.001772,0.001398195,0.001556848,0.009630092,0.013574619
763,0.001148555,0.002471575,0.003143133,0.001631166,0.001439462,0.001949755,0.009656864,0.012655283
764,0.000870027,0.002172213,0.00331742,0.001899887,0.001403558,0.001683758,0.009594507,0.012431247
765,0.000974497,0.002148101,0.00303381,0.001535341,0.002073571,0.001456583,0.009458645,0.013122127
766,0.001474013,0.002051006,0.002694303,0.001632259,0.002687034,0.001971441,0.00949111,0.011642702
767,0.000742855,0.002035737,0.004108076,0.00129298,0.00144263,0.001635851,0.009169303,0.011123689
768,0.001285427,0.002143424,0.003716484,0.001560609,0.001815205,0.001271996,0.009375225,0.011304345
769,0.000754019,0.002245016,0.003561097,0.001219711,0.00153644,0.001401972,0.008737572,0.010065798
770,0.000835067,0.002051515,0.004306244,0.001591079,0.0009876,0.001161071,0.008640373,0.009292184
771,0.001363792,0.001831976,0.002760621,0.001168211,0.001497601,0.001473459,0.007339633,0.009145316
772,0.001204429,0.001641773,0.002288073,0.001413483,0.000826843,0.002020824,0.006636418,0.00789914
773,0.00131431,0.001417024,0.002819904,0.000896723,0.000949787,0.002339011,0.005535436,0.007867229
774,0.000954762,0.001674683,0.003286905,0.000906235,0.001674294,0.001738022,0.00509801,0.006302621
775,0.000566545,0.001235496,0.001968598,0.001539795,0.001276381,0.001911359,0.00349165,0.005278992
776,0.000688284,0.001441234,0.002397519,0.000817422,0.000814699,0.001213103,0.0034174,0.004703046
777,0.000583898,0.001087656,0.002410289,0.000777203,0.000798864,0.001333998,0.002830703,0.004533924
778,0.000778866,0.002228021,0.003204053,0.001401706,0.000847176,0.000920531,0.002570636,0.004189789
779,0.000515907,0.001119915,0.002226939,0.000835066,0.001077076,0.001351748,0.003393472,0.003932737
780,0.000682294,0.000940865,0.001831197,0.00072363,0.000768355,0.001365362,0.002209808,0.003445546
781,0.00117769,0.001192291,0.001662303,0.000725856,0.000695591,0.000980538,0.002123323,0.003416655
782,0.000573432,0.001038126,0.002249304,0.000756335,0.000976224,0.001043244,0.001902715,0.003295542
783,0.000346719,0.000897419,0.002020132,0.001747579,0.001226488,0.001030223,0.001403946,0.00334538
784,0.001060239,0.000770908,0.001675501,0.001970514,0.001224938,0.001142973,0.001111671,0.003729231
785,0.000892467,0.000815137,0.001215347,0.000823505,0.00193738,0.000774548,0.000986628,0.002970753
786,0.000450544,0.001048132,0.001566195,0.000561379,0.000461205,0.000709192,0.000624288,0.002589164
787,0.000394648,0.000934111,0.001281861,0.000495635,0.000739904,0.001149225,0.000538792,0.003077388
788,0.001557668,0.000394157,0.002508969,0.000433994,0.001943685,0.000619294,0.000534353,0.002213351
789,0.000765318,0.000192859,0.000925668,0.000702594,0.001122448,0.000683757,0.001394861,0.002349501
790,0.000990682,0.000540164,0.001058179,0.001100567,0.001643595,0.000554675,0.000509232,0.001751761
791,0.00034658,0.000134209,0.001289192,0.000454005,0.000467254,0.000581542,0.000567912,0.00153216
792,0.000411415,0.000159313,0.001189136,0.000353458,0.000406276,0.000532756,0.000661044,0.002385601
793,0.00046388,0.000668359,0.00126479,0.000704276,0.00062123,0.000457229,0.000610113,0.000999214
794,0.000402238,0.000120197,0.001201779,0.000397589,0.000478701,0.000552792,0.000527557,0.0005471
795,0.00026975,0.00010485,0.00159075,0.000924994,0.001459475,0.000380757,0.000972825,0.000262363
796,0.000510167,0.000156596,0.000797165,0.000610781,0.000593949,0.000163972,0.000920097,0.000290119
797,6.07053e-05,0.000564946,0.000669363,0.001245733,0.000748006,9.85635e-05,0.000502542,0.00013274
798,8.14367e-05,0.000833877,0.001381124,0.000466187,0.000348085,0.000122532,0.001204961,0.000278713
799,8.43141e-05,0.000135975,0.001249749,0.000921997,0.002076798,8.37494e-05,0.000585682,0.000152537
800,0.000136314,0.000269715,0.001358064,0.001130249,0.000291886,9.8454e-05,0.000497813,0.000807173
801,7.49353e-05,9.25672e-05,0.000544524,0.00056572,0.000337631,8.60021e-05,0.000605016,0.000183071
802,0.000135474,0.000119933,0.00026917,0.001015917,0.000740287,0.000109166,0.000897576,0.000302968
803,8.57947e-05,0.00011944,0.001358976,0.000342151,0.000290094,0.000122243,0.000462805,0.000461871
804,0.000195439,0.000196558,0.000350857,0.000584451,0.000483326,0.000768229,0.00037222,0.002202722
805,0.000116113,0.00012617,0.000395456,0.000748079,0.000277294,0.000130453,0.000486149,0.000135947
806,0.000198509,0.00054841,0.000615973,0.000736882,0.001004442,0.000559283,0.000642181,0.00034767
807,0.000122151,9.27493e-05,0.000445938,0.00054249,0.00103907,0.000275744,0.001651864,0.000163888
808,0.000141149,0.00028998,0.000446957,0.001294962,0.000603378,0.000429926,0.00076165,0.000248145
809,0.000356962,0.000581483,0.00168137,0.000704411,0.000533734,8.79244e-05,0.000606328,0.00137465
810,0.000255076,8.17385e-05,0.000555214,0.000391184,0.00108444,8.00798e-05,0.000872123,0.000120626
811,0.000198221,0.000819269,0.001669063,0.000919483,0.000493437,0.000645229,0.000809708,0.000651848
812,0.000254524,0.000124281,0.000657726,0.000754491,0.000272226,0.00116714,0.001016627,0.000216276
813,0.000439634,0.000310443,0.000628388,0.001263638,0.000511274,0.00013038,0.001298406,0.000190401
814,0.000194391,0.000316866,0.000429485,0.000708203,0.000581712,0.000114809,0.001043778,0.001051535
815,0.000298288,0.000132896,0.000493627,0.000661022,0.000427361,0.000126251,0.001219641,0.000548242
816,0.000250373,0.000100494,0.000419317,0.001313144,0.000639369,9.69539e-05,0.001057143,0.000191366
817,0.000375621,0.000101125,0.000571715,0.000997582,0.000470409,0.000137157,0.001587947,0.000294413
818,0.000224348,9.67811e-05,0.000600458,0.000445807,0.000495191,0.000333046,0.001281898,0.00066862
819,0.000209307,7.38201e-05,0.000435989,0.000930134,0.000286908,0.000207507,0.001234056,0.000187431
820,0.000354298,0.000165345,0.000453307,0.000544328,0.00037611,0.000283205,0.001117469,0.001018191
821,0.000444813,7.28526e-05,0.000547737,0.000426376,0.000296959,0.000222675,0.001472356,0.000132996
822,0.00033837,0.000325253,0.00080354,0.000412166,0.000391999,0.000187567,0.001170197,0.000224599
823,0.000269914,0.00018789,0.000437699,0.000853601,0.000417148,0.000251232,0.001315498,0.000349803
824,0.000227137,8.93118e-05,0.000427579,0.000712898,0.000329842,0.000263767,0.001280874,0.00030084
825,0.000277096,0.000152075,0.000608125,0.000542078,0.000474263,0.00026233,0.001218107,0.000149246
826,0.00073904,0.00032479,0.000403145,0.000451357,0.000816955,0.000113787,0.001152321,0.000133177
827,0.000380862,6.07973e-05,0.000583021,0.000194428,0.000527759,0.000233876,0.001373737,0.000122122
828,0.00034854,0.000159733,0.000457656,0.000238899,0.000549345,0.000214904,0.001253782,0.000184867
829,0.000348706,0.00011286,0.000321123,0.000587257,0.000509573,0.000210969,0.001100409,0.000164621
830,0.000581911,0.000227318,0.00053128,0.000831413,0.000770429,0.000276558,0.00116791,0.000293783
831,0.000538762,7.77711e-05,0.000510237,0.000294091,0.000531306,0.000320275,0.001086281,0.000202968
832,0.000987666,0.000142478,0.000495345,0.000353213,0.000585722,0.000213414,0.001474543,0.000338265
833,0.000409916,0.000175039,0.000548363,0.000433852,0.001064525,0.000267423,0.001357347,0.000229798
834,0.000629361,0.000306016,0.000496557,0.000220311,0.000515173,0.000145587,0.001403794,0.000412482
835,0.000491588,0.000257633,0.001207215,0.00114473,0.000624935,0.000408161,0.001105239,0.000174975
836,0.000590171,0.000310244,0.000532602,0.000394129,0.001021345,0.000170579,0.001267974,0.000187952
837,0.000432683,0.000131078,0.000539412,0.000515911,0.000795289,0.000148215,0.001100627,0.000259186
838,0.000657005,0.000282358,0.000697824,0.000279569,0.001215298,0.000334925,0.001135771,0.000487725
839,0.000503575,0.000154053,0.000986441,0.000532197,0.000820435,0.000452056,0.001394302,0.000428822
840,0.000748409,0.000172639,0.001024849,0.000274847,0.001241926,0.00021213,0.001066185,0.00017985
841,0.000869374,0.000117743,0.000690088,0.000702698,0.000855345,0.000310055,0.001306608,0.000379949
842,0.000530985,0.000101457,0.000680675,0.00041589,0.001214986,0.000375057,0.000913527,0.000517762
843,0.000536301,0.000220864,0.000690583,0.000832443,0.000871366,0.000129769,0.001197403,0.000198836
844,0.000481004,0.000253737,0.000738122,0.000348404,0.001138147,0.000160967,0.000854889,0.00046616
845,0.000595444,0.000123408,0.000889882,0.000311845,0.000941857,0.000216354,0.000893495,0.000403148
846,0.001201389,0.000914121,0.001065031,0.0002047,0.000893275,0.000544941,0.001044348,0.000342612
847,0.000902198,0.000166278,0.000964054,0.000402306,0.00114726,0.000410852,0.000991075,0.001170782
848,0.000722271,0.000210588,0.001695805,0.000547659,0.000885296,0.000196733,0.000895425,0.000396301
849,0.000716356,0.000528737,0.000930594,0.000381933,0.000895506,0.000396613,0.001463283,0.000360316
850,0.000843329,0.000312184,0.00085714,0.000209809,0.001095212,0.000191261,0.000860914,0.000361805
851,0.000624532,0.000251523,0.001684895,0.000237856,0.001062121,0.001122384,0.000817391,0.000209962
852,0.000502698,0.000164755,0.000907546,0.000204691,0.000860768,0.000424577,0.00125241,0.00068758
853,0.000386003,0.000630115,0.001214464,0.000308644,0.000836458,0.000958079,0.00068467,0.000451485
854,0.000678114,0.000678429,0.001262686,0.000219707,0.000768187,0.000157294,0.000876149,0.000430982
855,0.000978455,0.000583105,0.001810408,0.000242888,0.000775957,0.000237712,0.000727332,0.000250966
856,0.000471488,0.000257012,0.001210524,0.000256075,0.000962097,0.000946878,0.001161431,0.00018911
857,0.000597485,0.000243638,0.001261608,0.000452172,0.001074122,0.000295519,0.000640357,0.000301344
858,0.000469563,0.000694375,0.001416108,0.000364924,0.001075605,0.000433318,0.000634327,0.000387799
859,0.000469365,0.000191929,0.001567036,0.000224763,0.001101516,0.000122801,0.000685132,0.000211153
860,0.000857933,0.000251168,0.001172371,0.00024061,0.001135343,0.000324766,0.000724355,0.000394157
861,0.000579841,0.000923574,0.001084024,0.000162733,0.000985303,0.000345408,0.000876383,0.00039336
862,0.000343546,0.000308563,0.001030713,0.000280243,0.000563288,0.000225118,0.000614248,0.00026472
863,0.000641091,0.000457147,0.001222147,0.000277497,0.000296178,0.000370523,0.00056102,0.00090051
864,0.000539399,0.000415545,0.001203701,0.000519543,0.000453158,0.000144309,0.000847873,0.00059919
865,0.000984503,0.000254883,0.001347972,0.00022373,0.000238114,0.000214042,0.000904386,0.000864738
866,0.000679209,0.000175158,0.002606539,0.000296278,0.001137377,0.000275894,0.000509537,0.001521049
867,0.000445134,0.001689414,0.001409639,0.000171551,0.000181504,0.000265842,0.000636516,0.000384608
868,0.001214727,0.000281393,0.002082735,0.000238209,0.000150448,0.000199131,0.000635518,0.000618215
869,0.000600359,0.000301273,0.001121828,0.000247902,0.000257672,0.000396351,0.0004872,0.000328105
870,0.000638124,0.000251233,0.000870143,0.000267184,0.000193011,0.000614052,0.000637037,0.000253626
871,0.001441237,0.000809587,0.001065967,0.000535471,0.000262076,0.000204253,0.000722998,0.000329127
872,0.000795183,0.000829881,0.001558608,0.000324468,0.000252205,0.000714317,0.000891032,0.000277655
873,0.0007471,0.000335165,0.001303024,0.000311999,0.000315064,0.0002698,0.000509591,0.00016801
874,0.000717585,0.000277325,0.001236656,0.000251527,6.78251e-05,0.000441395,0.000587109,0.000177749
875,0.000687651,0.000281289,0.00125178,0.000213151,0.000108936,0.000550882,0.000519596,0.00061141
876,0.000677761,0.000304169,0.000896677,0.000148932,0.000447918,0.001201967,0.000465501,0.000136813
877,0.001017749,0.000359353,0.001584983,0.000692172,0.000525658,0.000999711,0.000427532,0.000861263
878,0.000263976,0.000400083,0.001145004,0.000178061,4.36152e-05,0.000131884,0.000494237,0.00047596
879,0.000378431,0.000402448,0.001430385,0.000143486,0.000469959,0.000229027,0.000630305,0.000964348
880,0.001035577,0.000379987,0.00119667,0.000456053,4.16584e-05,0.000417268,0.00040687,0.000158767
881,0.000712534,0.000492179,0.000867823,0.000506253,4.75249e-05,0.000153045,0.00044275,0.000303099
882,0.000268874,0.00025894,0.001195572,0.000421657,4.64228e-05,0.000254008,0.000631674,9.62918e-05
883,0.000291786,0.000324557,0.000771134,0.000288495,8.28014e-05,0.000359074,0.000424617,9.15314e-05
884,0.000435635,0.000188455,0.001182582,0.000179112,7.8345e-05,0.000319319,0.000615215,0.000438705
885,0.00083975,0.000422063,0.001428451,0.000203041,1.87657e-05,0.000285796,0.000388577,0.000218823
886,0.000423046,0.000124061,0.000792463,0.000174924,0.000452695,0.000475557,0.000361576,0.000104098
887,0.000376963,0.000334678,0.001131282,0.00025816,0.000218951,0.000165604,0.000414077,0.000528756
888,0.000240721,0.000275965,0.00090976,0.000446524,1.36552e-05,0.000209965,0.000432804,0.000112102
889,0.000463239,0.000196289,0.000813897,0.00010625,9.41075e-05,0.00030874,0.000366095,0.000108382
890,0.000239416,0.000119644,0.000861563,0.000345138,3.73365e-05,0.000188992,0.000336927,0.000348923
891,0.000318433,0.000293203,0.000594561,0.000227516,1.27424e-05,0.000401004,0.000364114,8.35902e-05
892,0.000656227,0.000126791,0.00063326,0.000168865,1.44253e-05,0.000180696,0.000359305,9.80038e-05
893,0.000167236,0.000232006,0.000811174,9.20989e-05,1.81559e-05,0.000393462,0.000368207,0.000181559
894,0.000414794,0.00027707,0.000873437,0.000385041,1.36601e-05,0.000197791,0.000269585,0.000130239
895,0.000307083,0.00011456,0.000963544,0.000190603,5.46173e-05,0.00039836,0.000230545,0.000120381
896,0.000325433,0.000239433,0.000584783,0.000126263,2.19455e-05,0.000175933,0.000211587,0.000104195
897,0.000330842,0.000177869,0.000671631,8.26191e-05,1.3241e-05,0.000179577,0.000196907,0.000114593
898,0.000255702,9.61153e-05,0.000724045,0.000307121,1.02959e-06,0.000247526,0.000260063,3.27652e-05
899,0.000379829,0.0001213,0.000983625,0.000169508,9.61745e-07,0.000177983,0.000193251,2.3683e-05
900,0.000293077,0.000116086,0.000470427,0.000168938,9.54455e-07,0.000136905,0.000209503,3.79992e-05
901,0.00032369,6.2453e-05,0.000414913,0.000119637,9.47155e-07,0.000123781,0.000207841,9.66098e-05
902,0.00011531,6.09153e-05,0.000692331,8.88764e-05,9.39869e-07,7.88902e-05,0.000181865,3.33066e-05
903,0.000140997,4.46481e-05,0.000593831,0.000331655,9.32597e-07,0.000113077,0.000201033,4.28995e-05
904,0.000267944,4.72501e-05,0.000572901,0.000162339,9.25339e-07,0.00013695,0.000183564,5.70819e-05
905,0.000197218,5.10691e-05,0.000578974,0.000167553,9.18096e-07,0.000135936,0.000148961,2.79445e-05
906,0.000129399,5.41393e-05,0.000523631,0.000151829,9.1086e-07,0.000108677,0.000137597,6.88269e-05
907,0.000167909,0.000185473,0.000431039,9.75938e-05,9.03646e-07,0.000182424,0.000172822,4.10594e-05
908,0.000335273,4.51027e-05,0.001000664,0.000156599,9.5248e-07,0.000114017,0.000162202,6.79622e-05
909,0.000188193,9.8932e-05,0.000470427,0.000132113,9.44856e-07,0.000198197,0.000191028,5.43014e-05
910,0.000184308,0.000106461,0.00056825,7.33812e-05,9.37251e-07,0.000115558,0.000173281,5.0777e-05
911,0.000132339,6.0209e-05,0.000459961,0.000223227,9.84343e-07,0.000243133,0.000197908,6.43651e-05
912,0.000150351,6.12904e-05,0.000382279,0.000176549,9.76308e-07,0.000123666,0.000159464,7.51757e-05
913,0.000159981,0.000103014,0.000401835,0.000195969,9.68278e-07,0.000156969,0.00016224,8.94043e-05
914,0.000265403,6.30566e-05,0.000507867,6.49238e-05,1.0136e-06,0.000175406,0.000157695,3.68631e-05
915,0.000166165,6.09429e-05,0.000505583,0.000190817,1.00513e-06,0.000114744,0.000152251,7.12588e-05
916,0.000224828,6.52556e-05,0.000663887,0.00017405,1.04913e-06,0.000143993,0.00016209,0.000127154
917,0.000265405,7.16173e-05,0.000394285,0.000204658,1.0922e-06,0.000135017,0.000164559,0.000128828
918,0.000236257,7.25478e-05,0.00047963,0.000280446,1.0828e-06,0.000230946,0.000175105,5.28511e-05
919,0.000236247,9.32822e-05,0.000610704,0.000203023,1.1245e-06,0.000245447,0.000148076,9.47133e-05
920,0.000202809,8.31399e-05,0.000392394,8.95742e-05,1.16528e-06,0.000278754,0.000153107,5.18294e-05
921,0.000174595,8.43096e-05,0.000410903,0.00011725,1.20514e-06,0.000132264,0.000174544,0.000140499
922,0.000182331,9.55943e-05,0.00031883,0.000162276,1.29383e-06,0.000124506,0.000216468,0.000141724
923,0.000182102,9.47247e-05,0.000384569,8.67365e-05,1.33137e-06,0.000189647,0.000184666,6.647e-05
924,0.000175101,0.000157366,0.000410491,5.51099e-05,1.41683e-06,0.000206565,0.000179596,0.000135674
925,0.000206288,0.000187701,0.000344958,6.69878e-05,1.45205e-06,0.000235474,0.000193703,5.24673e-05
926,0.000168388,0.000122743,0.00037705,6.27618e-05,1.53428e-06,0.000123318,0.000165607,0.000121113
927,0.000176808,0.000144989,0.000381493,5.04352e-05,1.61468e-06,0.000159569,0.000167785,0.000259252
928,0.000203096,0.000118057,0.000284654,0.000128358,1.69325e-06,0.000295661,0.000196605,8.78139e-05
929,0.00018706,0.00013219,0.000274255,7.6389e-05,1.76999e-06,0.000165634,0.00018529,5.48696e-05
930,0.000241497,0.000104698,0.000254366,0.000117428,1.89102e-06,0.000124438,0.000164796,9.23833e-05
931,0.00025208,0.000138416,0.000214999,8.40268e-05,2.00934e-06,0.000307748,0.000158098,0.000188147
932,0.000172621,0.000113799,0.000206891,6.78185e-05,2.12498e-06,0.000131387,0.000168597,7.7087e-05
933,0.000191346,0.000135218,0.000137366,6.12753e-05,2.23796e-06,0.000124968,0.00015894,5.78736e-05
934,0.000240457,0.000123928,6.47775e-05,8.6178e-05,2.3926e-06,0.000295398,0.000162475,7.27972e-05
935,0.000205602,0.000116441,7.18819e-05,5.08304e-05,2.58757e-06,0.000127844,0.000174464,0.000128282
936,0.000230499,0.000152884,4.96158e-05,7.00178e-05,2.77814e-06,0.000168685,0.000172722,0.000266918
937,0.00023393,0.000126223,7.84922e-05,0.000125493,2.9644e-06,0.000141088,0.000164417,0.000285313
938,0.00020915,0.000131086,6.01216e-05,7.31324e-05,3.18891e-06,0.000279646,0.000167354,0.000407883
939,0.000225874,0.000132587,5.17978e-05,6.42107e-05,3.45038e-06,0.000127832,0.000167975,0.000251625
940,0.000223353,0.000127582,7.82817e-05,9.87265e-05,3.74753e-06,0.000143031,0.000174385,0.000212152
941,0.000219447,0.000133745,6.17632e-05,0.000231602,4.07909e-06,0.000174041,0.000165677,0.000219612
942,0.00024849,0.000140084,6.04611e-05,6.59649e-05,4.48464e-06,0.0002533,0.000168582,0.000308584
943,0.000288421,0.000141669,8.53565e-05,7.4102e-05,4.92131e-06,0.000127228,0.000188825,0.000356795
944,0.000304117,0.000138848,6.57722e-05,7.21179e-05,5.38789e-06,0.000184266,0.000175526,0.000334488
945,0.000289303,0.000138946,7.13485e-05,0.000102541,5.92267e-06,0.000148027,0.000185498,0.000167967
946,0.000309167,0.000131909,7.59734e-05,0.00011769,6.52317e-06,0.000156829,0.00018343,9.03869e-05
947,0.000344467,0.000128398,8.11807e-05,0.000181256,7.18686e-06,0.000325418,0.000196711,0.000132571
948,0.000359411,0.000125702,7.83107e-05,9.05025e-05,7.91133e-06,0.000215249,0.000177565,7.52914e-05
949,0.000405449,0.00012134,7.09895e-05,8.03262e-05,8.73193e-06,0.000148178,0.00016602,0.000217316
950,0.000420792,0.000121423,9.4581e-05,0.000108039,9.64502e-06,0.000188115,0.000161535,0.000108675
951,0.000462512,0.000124399,9.37518e-05,0.00019486,1.06839e-05,0.000310091,0.000159556,7.69312e-05
952,0.000495299,0.000120115,7.82609e-05,9.58796e-05,1.17702e-05,0.000166062,0.000180976,0.000152501
953,0.000504246,0.000120487,8.98414e-05,0.000103249,1.30462e-05,0.000165046,0.000168697,0.000243576
954,0.000537339,0.000118928,9.00984e-05,0.000104996,1.44686e-05,0.000189521,0.000162406,6.28402e-05
955,0.000626392,0.000120165,0.000121684,0.000117799,1.60668e-05,0.000233586,0.000168012,0.000260882
956,0.000609504,0.000119109,9.55174e-05,0.000127485,1.78681e-05,0.000289728,0.00019257,6.37248e-05
957,0.000644739,0.000123975,0.000104387,0.000332405,1.99326e-05,0.00032568,0.000183152,0.000428619
958,0.000675752,0.000123648,0.000117651,0.000152336,2.22832e-05,0.000347944,0.000202525,6.46689e-05
959,0.000748438,0.000129149,0.000109189,0.000146382,2.49412e-05,0.000375801,0.000202996,0.000217941
960,0.000746231,0.000129325,0.000118953,0.000218357,2.81258e-05,0.000283286,0.000206788,0.000178596
961,0.000786178,0.000125848,0.000153394,0.00018255,3.14208e-05,0.000311877,0.000244242,8.95018e-05
962,0.000832121,0.000122644,0.000156912,0.000274434,3.5208e-05,0.000328576,0.00023177,0.000210664
963,0.000905171,0.000118492,0.000142209,0.000194733,3.93692e-05,0.00027568,0.000260093,0.0002076
964,0.000948275,0.000116777,0.000142306,0.000212385,4.38229e-05,0.000286318,0.000258514,0.000242464
965,0.000950709,0.000132501,0.000152708,0.000233382,4.8616e-05,0.000334543,0.000280563,9.93213e-05
966,0.000999,0.000126448,0.000162976,0.000250742,5.37613e-05,0.000355095,0.00030278,8.05035e-05
967,0.001037308,0.00012003,0.000176933,0.000255,5.92409e-05,0.000338684,0.000319646,7.9251e-05
968,0.001078086,0.000120037,0.000185672,0.000267335,6.50662e-05,0.000396808,0.000347739,9.39446e-05
969,0.001106416,0.000136703,0.000194977,0.000364599,7.14246e-05,0.000450888,0.00036912,0.000365604
970,0.001122673,0.000121658,0.000201987,0.000303621,7.83464e-05,0.000375847,0.000376109,0.000117986
971,0.00115639,0.000120296,0.000210151,0.000346285,8.5831e-05,0.00043979,0.000402969,0.000115524
972,0.001205259,0.000133307,0.000219674,0.000336824,9.39071e-05,0.000413214,0.000422143,0.000237928
973,0.001234006,0.00012342,0.000224146,0.000356342,0.000102571,0.00049178,0.000457683,9.79872e-05
974,0.001280492,0.000125925,0.000230357,0.0003794,0.000111789,0.000506124,0.000484989,9.91967e-05
975,0.001283569,0.000128294,0.000239421,0.000407049,0.000121042,0.000458388,0.000513531,0.000569217
976,0.001311215,0.000125338,0.000253273,0.000414919,0.000131577,0.000521621,0.000528984,8.09435e-05
977,0.001345912,0.000128843,0.00028062,0.000433216,0.000142356,0.000540524,0.000543585,0.000115489
978,0.001374628,0.000130469,0.000295817,0.000448915,0.000153748,0.000587811,0.000573297,0.000279119
979,0.00140607,0.000133573,0.000286935,0.000462008,0.00016582,0.000537984,0.000592019,0.000108581
980,0.001435057,0.000139732,0.000299595,0.000492472,0.000178631,0.00058747,0.000627632,8.60064e-05
981,0.001454893,0.000135965,0.000331561,0.000509313,0.000191565,0.000567328,0.000651425,0.000125935
982,0.001473169,0.000147493,0.000328777,0.00051798,0.000205902,0.000616334,0.000678519,0.000118976
983,0.001502778,0.000148444,0.000372524,0.000545801,0.000220939,0.000639627,0.000704657,8.89458e-05
984,0.001522624,0.000148488,0.000351137,0.000556903,0.000237129,0.000629624,0.000721834,0.000245006
985,0.001559665,0.000154204,0.00037488,0.000608331,0.000253491,0.000663037,0.000741205,0.000133179
986,0.001556232,0.000159954,0.000380436,0.00058896,0.000269629,0.000694249,0.000758378,8.93147e-05
987,0.001577196,0.000165158,0.000414429,0.000608845,0.000287236,0.00071376,0.00078471,0.000245361
988,0.001612112,0.000173572,0.000436907,0.000637274,0.000305508,0.000738566,0.000805474,0.000132585
989,0.001640859,0.000174969,0.000435163,0.000651632,0.000324527,0.00079233,0.000828386,0.000142285
990,0.001621061,0.000181012,0.000454928,0.000672108,0.00034432,0.000743554,0.000857568,0.00010347
991,0.001642487,0.000187849,0.000486602,0.000688418,0.000363825,0.000777068,0.000869583,0.000269516
992,0.001648561,0.000193958,0.000516045,0.000703803,0.000385079,0.000809399,0.000895596,0.000189082
993,0.001694286,0.000199425,0.000519928,0.000725992,0.000407806,0.000832137,0.000909368,0.000183809
994,0.001677372,0.000207283,0.000557788,0.000752739,0.000430602,0.000849929,0.000930087,0.000122119
995,0.001694485,0.000218187,0.000560531,0.000776355,0.00045415,0.000825162,0.000955885,0.000131945
996,0.001718265,0.000227641,0.00058768,0.000800672,0.000477197,0.000865079,0.000973357,0.000211633
997,0.001709331,0.000235736,0.000606459,0.000824884,0.000502319,0.000872635,0.000992362,0.000200533
998,0.001722767,0.000246713,0.000636166,0.000853539,0.000528326,0.000884916,0.001013909,0.000160369
999,0.001731723,0.000258427,0.000668649,0.000879066,0.000555223,0.000917886,0.001034268,0.00016793
1000,0.001747859,0.000266845,0.000689897,0.000907734,0.000583049,0.000929865,0.001054945,9.98209e-05
1001,0.001734877,0.000278285,0.000716775,0.000939038,0.000610857,0.000942761,0.001073347,0.000241509
1002,0.001746293,0.00028862,0.000752841,0.000965748,0.000640122,0.000981437,0.001090198,0.000253479
1003,0.001750258,0.000300115,0.00077207,0.000995301,0.000670179,0.000982492,0.001106376,0.000150301
1004,0.001769111,0.000312115,0.00081638,0.001026697,0.000700983,0.001012157,0.001130684,0.000129526
1005,0.001765179,0.000324041,0.000843098,0.00105443,0.000730675,0.001024331,0.001151913,0.000173327
1006,0.001764829,0.000336262,0.000873751,0.001086622,0.000762877,0.001047079,0.001176284,0.000215094
1007,0.001758095,0.000348042,0.000909611,0.00111666,0.000795756,0.001072914,0.001201631,0.000157746
1008,0.001773881,0.000359833,0.000931437,0.001148974,0.000829297,0.001095829,0.001227163,0.000127199
1009,0.001757483,0.000370665,0.000972083,0.001178783,0.000861287,0.001120691,0.001250012,0.00010505
1010,0.001757953,0.000382721,0.000990959,0.001211698,0.000896972,0.001143475,0.001275828,0.00011304
1011,0.001758667,0.000394055,0.001033892,0.001243771,0.000931733,0.001165512,0.001300636,0.000135303
1012,0.001762729,0.000405209,0.001059524,0.001276388,0.000966681,0.001192671,0.00132538,0.000110133
1013,0.0017713,0.00041611,0.001097472,0.001307664,0.001001648,0.001217989,0.001349071,0.000107605
1014,0.00177172,0.000425681,0.001124654,0.00133767,0.001034206,0.001237859,0.001368529,0.000105381
1015,0.001765815,0.000435761,0.00115257,0.001367684,0.001068792,0.001259956,0.001390608,0.000113439
1016,0.00177031,0.00044536,0.00119465,0.001398605,0.00110298,0.001279784,0.001411758,0.000141564
1017,0.001763626,0.000453345,0.001216927,0.001423739,0.001134286,0.001299214,0.001429829,0.000150875
1018,0.001759862,0.000460495,0.001254473,0.001452456,0.001168705,0.001323625,0.001450497,0.000157236
1019,0.001759355,0.000470501,0.001283977,0.00148048,0.001201053,0.001346401,0.00146911,0.000166685
1020,0.001743165,0.000480539,0.001314675,0.001507849,0.001232588,0.001368313,0.00148668,0.000147781
1021,0.001732023,0.000489266,0.001342154,0.001530369,0.001260693,0.001387076,0.001500711,0.000204827
1022,0.001723287,0.000498445,0.001366436,0.001554287,0.001290193,0.001407211,0.001515979,0.00021799
1023,0.001719031,0.000507056,0.00139279,0.001577623,0.001318505,0.001426261,0.001529942,0.000145358
1024,0.00171213,0.000515091,0.001420748,0.001601481,0.001345518,0.001444084,0.001542638,0.000199223
1025,0.00169465,0.000521656,0.001441326,0.001618759,0.001368637,0.001458145,0.001551934,0.000149605
1026,0.00168154,0.000528726,0.001464638,0.001636725,0.001392774,0.001473027,0.00156188,0.000215569
1027,0.001667624,0.000535516,0.001487828,0.0016563,0.001416572,0.001487225,0.001571216,0.0001526
1028,0.001651155,0.000541543,0.001507947,0.001671009,0.001437367,0.00149878,0.001578248,0.000223432
1029,0.001634635,0.000546025,0.001522791,0.001682259,0.001453903,0.001506292,0.001581299,0.000152093
1030,0.001616741,0.000550938,0.001538398,0.001693657,0.001471052,0.00151414,0.001585796,0.000227601
1031,0.001601475,0.000555397,0.001551878,0.001704127,0.001486267,0.001520089,0.001588782,0.00021414
1032,0.001583506,0.000558474,0.001559404,0.001708267,0.001497006,0.00152202,0.001586683,0.000158215
1033,0.001565504,0.000562101,0.001568669,0.001713199,0.00150809,0.001524331,0.001584138,0.000169625
1034,0.001544611,0.000565276,0.001575908,0.001714141,0.001517021,0.001524826,0.001577429,0.000173612
1035,0.001523278,0.000567942,0.001580735,0.001713724,0.001523785,0.001523568,0.001568067,0.000215565
1036,0.001502811,0.000569219,0.0015817,0.001710366,0.001527104,0.001519092,0.001556294,0.000208629
1037,0.001483749,0.000570678,0.001581425,0.00170408,0.001529433,0.001513959,0.001544426,0.000206204
1038,0.001462369,0.000571429,0.001578533,0.001696652,0.001529512,0.001506695,0.001531859,0.000165498
1039,0.001440068,0.000570377,0.001571015,0.001683599,0.001525122,0.001495297,0.001514671,0.000173186
1040,0.001418273,0.000569331,0.001563458,0.001671707,0.001520721,0.001483515,0.001495484,0.000168548
1041,0.001393685,0.000567304,0.001553761,0.001656716,0.001514069,0.001469571,0.001474651,0.000245387
1042,0.001368563,0.000563471,0.001539832,0.001638243,0.001503055,0.001451875,0.001452214,0.000207877
1043,0.001343258,0.000559775,0.001525769,0.001619835,0.001491922,0.001434101,0.00143145,0.000175926
1044,0.00131696,0.000555323,0.001509458,0.001599247,0.001478539,0.00141445,0.001407189,0.000172045
1045,0.001289371,0.00054939,0.001489631,0.001575183,0.00146169,0.001391707,0.001379879,0.000175239
1046,0.001261308,0.00054362,0.001469079,0.001551475,0.001443869,0.001368382,0.00135458,0.000183955
1047,0.001233297,0.000537277,0.00144655,0.00152625,0.001423936,0.001343442,0.001328286,0.000223898
1048,0.001203948,0.000530385,0.001422167,0.001499617,0.001401961,0.00131701,0.0012986,0.000189568
1049,0.001173274,0.000522145,0.001394318,0.001469884,0.001376281,0.001287745,0.001268471,0.000239388
1050,0.001143281,0.000514187,0.001366623,0.001440592,0.001350553,0.00125873,0.001238944,0.000170719
